,items,support,ordered_statistics
0,"frozenset({'Atropelamento de Pedestre', 'Pedestre andava na pista'})",0.010513344460216194,"[OrderedStatistic(items_base=frozenset({'Pedestre andava na pista'}), items_add=frozenset({'Atropelamento de Pedestre'}), confidence=0.9628571428571429, lift=21.241503293678104)]"
1,"frozenset({'Sem Vítimas', 'Incêndio'})",0.017532639722971814,"[OrderedStatistic(items_base=frozenset({'Incêndio'}), items_add=frozenset({'Sem Vítimas'}), confidence=0.9598633646456021, lift=5.352342388802723)]"
2,"frozenset({'Colisão transversal', 'Desrespeitar a preferência no cruzamento', 'Tarde'})",0.011418053627415808,"[OrderedStatistic(items_base=frozenset({'Desrespeitar a preferência no cruzamento', 'Tarde'}), items_add=frozenset({'Colisão transversal'}), confidence=0.8840579710144928, lift=7.088939645249296)]"
3,"frozenset({'Colisão transversal', 'Desrespeitar a preferência no cruzamento'})",0.023631627384610585,"[OrderedStatistic(items_base=frozenset({'Desrespeitar a preferência no cruzamento'}), items_add=frozenset({'Colisão transversal'}), confidence=0.8696900114810562, lift=6.973728198378866)]"
4,"frozenset({'Demais falhas mecânicas ou elétricas', 'Incêndio'})",0.015816811992075994,"[OrderedStatistic(items_base=frozenset({'Incêndio'}), items_add=frozenset({'Demais falhas mecânicas ou elétricas'}), confidence=0.8659265584970111, lift=20.893370620506165)]"
5,"frozenset({'Dupla', '50.0'})",0.011230872420408992,"[OrderedStatistic(items_base=frozenset({'50.0'}), items_add=frozenset({'Dupla'}), confidence=0.861244019138756, lift=2.037323081176581)]"
6,"frozenset({'Sem Vítimas', 'Demais falhas mecânicas ou elétricas', 'Incêndio'})",0.015192874635386606,"[OrderedStatistic(items_base=frozenset({'Incêndio'}), items_add=frozenset({'Sem Vítimas', 'Demais falhas mecânicas ou elétricas'}), confidence=0.8317677198975235, lift=41.11318176939887), OrderedStatistic(items_base=frozenset({'Demais falhas mecânicas ou elétricas', 'Incêndio'}), items_add=frozenset({'Sem Vítimas'}), confidence=0.960552268244576, lift=5.356183818812866), OrderedStatistic(items_base=frozenset({'Sem Vítimas', 'Demais falhas mecânicas ou elétricas'}), items_add=frozenset({'Incêndio'}), confidence=0.7509637625289128, lift=41.11318176939887), OrderedStatistic(items_base=frozenset({'Sem Vítimas', 'Incêndio'}), items_add=frozenset({'Demais falhas mecânicas ou elétricas'}), confidence=0.8665480427046263, lift=20.908366002917155)]"
7,"frozenset({'Noite', 'Colisão traseira', 'Condutor deixou de manter distância do veículo da frente'})",0.012197975323277543,"[OrderedStatistic(items_base=frozenset({'Noite', 'Condutor deixou de manter distância do veículo da frente'}), items_add=frozenset({'Colisão traseira'}), confidence=0.8078512396694215, lift=4.218500865355294)]"
8,"frozenset({'Sem Vítimas', 'Colisão traseira', 'Condutor deixou de manter distância do veículo da frente'})",0.012010794116270726,"[OrderedStatistic(items_base=frozenset({'Sem Vítimas', 'Condutor deixou de manter distância do veículo da frente'}), items_add=frozenset({'Colisão traseira'}), confidence=0.7762096774193548, lift=4.053272477777749)]"
9,"frozenset({'Atropelamento de Animal', 'Animais na Pista'})",0.014522141976945515,"[OrderedStatistic(items_base=frozenset({'Animais na Pista'}), items_add=frozenset({'Atropelamento de Animal'}), confidence=0.7700578990901572, lift=50.58160025898657), OrderedStatistic(items_base=frozenset({'Atropelamento de Animal'}), items_add=frozenset({'Animais na Pista'}), confidence=0.9538934426229508, lift=50.58160025898657)]"
10,"frozenset({'101.0', 'Colisão traseira', 'Condutor deixou de manter distância do veículo da frente'})",0.014693724750035097,"[OrderedStatistic(items_base=frozenset({'101.0', 'Condutor deixou de manter distância do veículo da frente'}), items_add=frozenset({'Colisão traseira'}), confidence=0.7658536585365854, lift=3.9991946074058773)]"
11,"frozenset({'Dupla', 'Céu Claro', 'Colisão traseira', 'Condutor deixou de manter distância do veículo da frente'})",0.01976321577313638,"[OrderedStatistic(items_base=frozenset({'Dupla', 'Céu Claro', 'Condutor deixou de manter distância do veículo da frente'}), items_add=frozenset({'Colisão traseira'}), confidence=0.765558912386707, lift=3.9976554788791563)]"
12,"frozenset({'Céu Claro', 'Colisão traseira', 'Condutor deixou de manter distância do veículo da frente'})",0.03865291924690761,"[OrderedStatistic(items_base=frozenset({'Céu Claro', 'Condutor deixou de manter distância do veículo da frente'}), items_add=frozenset({'Colisão traseira'}), confidence=0.7587262706674832, lift=3.9619762552921465)]"
13,"frozenset({'Dupla', 'Colisão traseira', 'Condutor deixou de manter distância do veículo da frente'})",0.03102528506137984,"[OrderedStatistic(items_base=frozenset({'Dupla', 'Condutor deixou de manter distância do veículo da frente'}), items_add=frozenset({'Colisão traseira'}), confidence=0.7580030487804877, lift=3.958199678607827)]"
14,"frozenset({'Colisão traseira', 'Condutor deixou de manter distância do veículo da frente'})",0.060194356486608744,"[OrderedStatistic(items_base=frozenset({'Condutor deixou de manter distância do veículo da frente'}), items_add=frozenset({'Colisão traseira'}), confidence=0.7553337247993737, lift=3.944260793611065)]"
15,"frozenset({'Colisão transversal', 'Desrespeitar a preferência no cruzamento', 'Com Vítimas Feridas'})",0.020449546865494703,"[OrderedStatistic(items_base=frozenset({'Desrespeitar a preferência no cruzamento'}), items_add=frozenset({'Colisão transversal', 'Com Vítimas Feridas'}), confidence=0.7525832376578644, lift=7.185012476993005), OrderedStatistic(items_base=frozenset({'Desrespeitar a preferência no cruzamento', 'Com Vítimas Feridas'}), items_add=frozenset({'Colisão transversal'}), confidence=0.8670634920634921, lift=6.952667093520752)]"
16,"frozenset({'Simples', 'Colisão traseira', 'Condutor deixou de manter distância do veículo da frente'})",0.02102668892043239,"[OrderedStatistic(items_base=frozenset({'Simples', 'Condutor deixou de manter distância do veículo da frente'}), items_add=frozenset({'Colisão traseira'}), confidence=0.7513935340022296, lift=3.923685596754007)]"
17,"frozenset({'Manhã', 'Céu Claro', 'Colisão traseira', 'Condutor deixou de manter distância do veículo da frente'})",0.01447534667519381,"[OrderedStatistic(items_base=frozenset({'Manhã', 'Céu Claro', 'Condutor deixou de manter distância do veículo da frente'}), items_add=frozenset({'Colisão traseira'}), confidence=0.7502021018593371, lift=3.9174640830903513)]"
18,"frozenset({'Dupla', 'Colisão traseira', 'Tarde', 'Condutor deixou de manter distância do veículo da frente'})",0.012431951832036063,"[OrderedStatistic(items_base=frozenset({'Dupla', 'Condutor deixou de manter distância do veículo da frente', 'Tarde'}), items_add=frozenset({'Colisão traseira'}), confidence=0.7483568075117372, lift=3.907828180562838)]"
19,"frozenset({'sexta-feira', 'Colisão traseira', 'Condutor deixou de manter distância do veículo da frente'})",0.010669328799388542,"[OrderedStatistic(items_base=frozenset({'sexta-feira', 'Condutor deixou de manter distância do veículo da frente'}), items_add=frozenset({'Colisão traseira'}), confidence=0.7459105779716467, lift=3.8950542675885234)]"
20,"frozenset({'Céu Claro', 'Colisão traseira', 'Tarde', 'Condutor deixou de manter distância do veículo da frente'})",0.016440749348765386,"[OrderedStatistic(items_base=frozenset({'Céu Claro', 'Condutor deixou de manter distância do veículo da frente', 'Tarde'}), items_add=frozenset({'Colisão traseira'}), confidence=0.7454031117397455, lift=3.8924043406795916)]"
21,"frozenset({'Simples', 'Acessar a via sem observar a presença dos outros veículos', 'Colisão transversal', 'Tarde'})",0.017329860082047763,"[OrderedStatistic(items_base=frozenset({'Simples', 'Acessar a via sem observar a presença dos outros veículos', 'Tarde'}), items_add=frozenset({'Colisão transversal'}), confidence=0.7441393168117884, lift=5.9669827969339515)]"
22,"frozenset({'Colisão traseira', 'Tarde', 'Condutor deixou de manter distância do veículo da frente'})",0.025519037888595986,"[OrderedStatistic(items_base=frozenset({'Condutor deixou de manter distância do veículo da frente', 'Tarde'}), items_add=frozenset({'Colisão traseira'}), confidence=0.7439745338790359, lift=3.884944480935987)]"
23,"frozenset({'Manhã', 'Colisão traseira', 'Condutor deixou de manter distância do veículo da frente'})",0.022477343274735218,"[OrderedStatistic(items_base=frozenset({'Manhã', 'Condutor deixou de manter distância do veículo da frente'}), items_add=frozenset({'Colisão traseira'}), confidence=0.7420185375901134, lift=3.8747305063423134)]"
24,"frozenset({'Manhã', 'Dupla', 'Colisão traseira', 'Condutor deixou de manter distância do veículo da frente'})",0.01182361290926391,"[OrderedStatistic(items_base=frozenset({'Manhã', 'Dupla', 'Condutor deixou de manter distância do veículo da frente'}), items_add=frozenset({'Colisão traseira'}), confidence=0.740234375, lift=3.865413826413212)]"
25,"frozenset({'Simples', 'Manhã', 'Acessar a via sem observar a presença dos outros veículos', 'Colisão transversal'})",0.01182361290926391,"[OrderedStatistic(items_base=frozenset({'Simples', 'Manhã', 'Acessar a via sem observar a presença dos outros veículos'}), items_add=frozenset({'Colisão transversal'}), confidence=0.7323671497584541, lift=5.872586066774826)]"
26,"frozenset({'Simples', 'Acessar a via sem observar a presença dos outros veículos', 'Colisão transversal'})",0.03656272910199816,"[OrderedStatistic(items_base=frozenset({'Simples', 'Acessar a via sem observar a presença dos outros veículos'}), items_add=frozenset({'Colisão transversal'}), confidence=0.7265964042157471, lift=5.826312555080341)]"
27,"frozenset({'Simples', 'Acessar a via sem observar a presença dos outros veículos', 'Céu Claro', 'Colisão transversal'})",0.02461432872139637,"[OrderedStatistic(items_base=frozenset({'Simples', 'Acessar a via sem observar a presença dos outros veículos', 'Céu Claro'}), items_add=frozenset({'Colisão transversal'}), confidence=0.7255172413793103, lift=5.817659140411032)]"
28,"frozenset({'Simples', 'Acessar a via sem observar a presença dos outros veículos', 'Reta', 'Colisão transversal'})",0.021541437239701134,"[OrderedStatistic(items_base=frozenset({'Simples', 'Acessar a via sem observar a presença dos outros veículos', 'Reta'}), items_add=frozenset({'Colisão transversal'}), confidence=0.7053115423901941, lift=5.655636982000369)]"
29,"frozenset({'Sem Vítimas', 'Reta', 'Incêndio'})",0.012743920510380757,"[OrderedStatistic(items_base=frozenset({'Incêndio'}), items_add=frozenset({'Sem Vítimas', 'Reta'}), confidence=0.6976942783945346, lift=6.310451819073817), OrderedStatistic(items_base=frozenset({'Reta', 'Incêndio'}), items_add=frozenset({'Sem Vítimas'}), confidence=0.9611764705882353, lift=5.3596644648987715)]"
30,"frozenset({'Reta', 'Transitar na contramão', 'Colisão frontal'})",0.011714423871843268,"[OrderedStatistic(items_base=frozenset({'Reta', 'Transitar na contramão'}), items_add=frozenset({'Colisão frontal'}), confidence=0.6877289377289378, lift=10.161238642282662)]"
31,"frozenset({'Transitar na contramão', 'Colisão frontal'})",0.01904568781294358,"[OrderedStatistic(items_base=frozenset({'Transitar na contramão'}), items_add=frozenset({'Colisão frontal'}), confidence=0.687113111986494, lift=10.152139777907847)]"
32,"frozenset({'Transitar na contramão', 'Céu Claro', 'Colisão frontal'})",0.01179241604142944,"[OrderedStatistic(items_base=frozenset({'Transitar na contramão', 'Céu Claro'}), items_add=frozenset({'Colisão frontal'}), confidence=0.6866485013623977, lift=10.145275126490425)]"
33,"frozenset({'Pista Escorregadia', 'Chuva'})",0.01294670015130481,"[OrderedStatistic(items_base=frozenset({'Pista Escorregadia'}), items_add=frozenset({'Chuva'}), confidence=0.6709781729991916, lift=6.306368522622075)]"
34,"frozenset({'Simples', 'Céu Claro', 'Colisão transversal', 'Interseção de vias'})",0.010950100609898766,"[OrderedStatistic(items_base=frozenset({'Simples', 'Céu Claro', 'Interseção de vias'}), items_add=frozenset({'Colisão transversal'}), confidence=0.6616399622997172, lift=5.3054504494149555)]"
35,"frozenset({'Acessar a via sem observar a presença dos outros veículos', 'Colisão transversal', 'Tarde'})",0.02414637570387933,"[OrderedStatistic(items_base=frozenset({'Acessar a via sem observar a presença dos outros veículos', 'Tarde'}), items_add=frozenset({'Colisão transversal'}), confidence=0.6562102585841458, lift=5.261911628214009)]"
36,"frozenset({'Simples', 'Colisão transversal', 'Interseção de vias'})",0.016518741518351556,"[OrderedStatistic(items_base=frozenset({'Simples', 'Interseção de vias'}), items_add=frozenset({'Colisão transversal'}), confidence=0.6492949110974862, lift=5.206459969424483)]"
37,"frozenset({'Acessar a via sem observar a presença dos outros veículos', 'Céu Claro', 'Colisão transversal', 'Tarde'})",0.01562963078506918,"[OrderedStatistic(items_base=frozenset({'Acessar a via sem observar a presença dos outros veículos', 'Céu Claro', 'Tarde'}), items_add=frozenset({'Colisão transversal'}), confidence=0.6489637305699482, lift=5.203804353109295)]"
38,"frozenset({'Transitar na contramão', 'Com Vítimas Feridas', 'Colisão frontal'})",0.010934502175981532,"[OrderedStatistic(items_base=frozenset({'Transitar na contramão', 'Com Vítimas Feridas'}), items_add=frozenset({'Colisão frontal'}), confidence=0.6372727272727272, lift=9.41574493494521)]"
39,"frozenset({'Simples', 'Céu Claro', 'Colisão transversal', 'Desrespeitar a preferência no cruzamento'})",0.011137281816905582,"[OrderedStatistic(items_base=frozenset({'Céu Claro', 'Desrespeitar a preferência no cruzamento'}), items_add=frozenset({'Simples', 'Colisão transversal'}), confidence=0.6357969723953695, lift=7.433942750920069), OrderedStatistic(items_base=frozenset({'Simples', 'Desrespeitar a preferência no cruzamento'}), items_add=frozenset({'Colisão transversal', 'Céu Claro'}), confidence=0.5730337078651685, lift=7.045764859518237), OrderedStatistic(items_base=frozenset({'Simples', 'Céu Claro', 'Desrespeitar a preferência no cruzamento'}), items_add=frozenset({'Colisão transversal'}), confidence=0.8847583643122675, lift=7.094555844614779)]"
40,"frozenset({'Simples', 'Colisão transversal', 'Desrespeitar a preferência no cruzamento'})",0.017267466346378824,"[OrderedStatistic(items_base=frozenset({'Desrespeitar a preferência no cruzamento'}), items_add=frozenset({'Simples', 'Colisão transversal'}), confidence=0.6354764638346727, lift=7.430195261713848), OrderedStatistic(items_base=frozenset({'Simples', 'Desrespeitar a preferência no cruzamento'}), items_add=frozenset({'Colisão transversal'}), confidence=0.8884430176565008, lift=7.124101740955673)]"
41,"frozenset({'Acessar a via sem observar a presença dos outros veículos', 'Reta', 'Colisão transversal', 'Tarde'})",0.013882606186338891,"[OrderedStatistic(items_base=frozenset({'Acessar a via sem observar a presença dos outros veículos', 'Reta', 'Tarde'}), items_add=frozenset({'Colisão transversal'}), confidence=0.6334519572953736, lift=5.079421079455798)]"
42,"frozenset({'Sem Vítimas', 'Céu Claro', 'Incêndio'})",0.011542841098753686,"[OrderedStatistic(items_base=frozenset({'Incêndio'}), items_add=frozenset({'Sem Vítimas', 'Céu Claro'}), confidence=0.631938514090521, lift=5.89022189587514), OrderedStatistic(items_base=frozenset({'Céu Claro', 'Incêndio'}), items_add=frozenset({'Sem Vítimas'}), confidence=0.9622886866059819, lift=5.365866348579881)]"
43,"frozenset({'Acessar a via sem observar a presença dos outros veículos', 'Colisão transversal'})",0.05072610709884728,"[OrderedStatistic(items_base=frozenset({'Acessar a via sem observar a presença dos outros veículos'}), items_add=frozenset({'Colisão transversal'}), confidence=0.62877030162413, lift=5.041880583717492)]"
44,"frozenset({'Acessar a via sem observar a presença dos outros veículos', 'Céu Claro', 'Colisão transversal'})",0.03378620786473038,"[OrderedStatistic(items_base=frozenset({'Acessar a via sem observar a presença dos outros veículos', 'Céu Claro'}), items_add=frozenset({'Colisão transversal'}), confidence=0.628554846198491, lift=5.040152924945473)]"
45,"frozenset({'Reta', 'Demais falhas mecânicas ou elétricas', 'Incêndio'})",0.011464848929167512,"[OrderedStatistic(items_base=frozenset({'Incêndio'}), items_add=frozenset({'Reta', 'Demais falhas mecânicas ou elétricas'}), confidence=0.627668659265585, lift=22.695549958746412), OrderedStatistic(items_base=frozenset({'Reta', 'Incêndio'}), items_add=frozenset({'Demais falhas mecânicas ou elétricas'}), confidence=0.8647058823529412, lift=20.863917731187318)]"
46,"frozenset({'Simples', 'Acessar a via sem observar a presença dos outros veículos', 'Colisão transversal', 'Com Vítimas Feridas'})",0.03155563181456582,"[OrderedStatistic(items_base=frozenset({'Simples', 'Acessar a via sem observar a presença dos outros veículos'}), items_add=frozenset({'Colisão transversal', 'Com Vítimas Feridas'}), confidence=0.6270923744575326, lift=5.9869344801337245), OrderedStatistic(items_base=frozenset({'Simples', 'Acessar a via sem observar a presença dos outros veículos', 'Com Vítimas Feridas'}), items_add=frozenset({'Colisão transversal'}), confidence=0.7353689567430025, lift=5.896656466271063)]"
47,"frozenset({'101.0', 'Condutor deixou de manter distância do veículo da frente', 'Colisão traseira', 'Com Vítimas Feridas'})",0.011995195682353492,"[OrderedStatistic(items_base=frozenset({'101.0', 'Condutor deixou de manter distância do veículo da frente'}), items_add=frozenset({'Colisão traseira', 'Com Vítimas Feridas'}), confidence=0.6252032520325204, lift=4.2373565159692195), OrderedStatistic(items_base=frozenset({'101.0', 'Condutor deixou de manter distância do veículo da frente', 'Com Vítimas Feridas'}), items_add=frozenset({'Colisão traseira'}), confidence=0.7644135188866799, lift=3.991674373406057)]"
48,"frozenset({'Manhã', 'Acessar a via sem observar a presença dos outros veículos', 'Céu Claro', 'Colisão transversal'})",0.010856510006395358,"[OrderedStatistic(items_base=frozenset({'Manhã', 'Acessar a via sem observar a presença dos outros veículos', 'Céu Claro'}), items_add=frozenset({'Colisão transversal'}), confidence=0.6236559139784946, lift=5.000870167510608)]"
49,"frozenset({'Colisão transversal', 'Tarde', 'Interseção de vias'})",0.010965699043816,"[OrderedStatistic(items_base=frozenset({'Tarde', 'Interseção de vias'}), items_add=frozenset({'Colisão transversal'}), confidence=0.6232269503546098, lift=4.997430464075507)]"
50,"frozenset({'Manhã', 'Acessar a via sem observar a presença dos outros veículos', 'Colisão transversal'})",0.015770016690324292,"[OrderedStatistic(items_base=frozenset({'Manhã', 'Acessar a via sem observar a presença dos outros veículos'}), items_add=frozenset({'Colisão transversal'}), confidence=0.6194852941176471, lift=4.967427482249936)]"
51,"frozenset({'Interseção de vias', 'Colisão transversal', 'Com Vítimas Feridas'})",0.02060553120466705,"[OrderedStatistic(items_base=frozenset({'Interseção de vias', 'Com Vítimas Feridas'}), items_add=frozenset({'Colisão transversal'}), confidence=0.6138475836431228, lift=4.922220730428638)]"
52,"frozenset({'101.0', 'Reta', 'Colisão traseira', 'Condutor deixou de manter distância do veículo da frente'})",0.011698825437926032,"[OrderedStatistic(items_base=frozenset({'101.0', 'Condutor deixou de manter distância do veículo da frente'}), items_add=frozenset({'Reta', 'Colisão traseira'}), confidence=0.6097560975609756, lift=4.383365514525296), OrderedStatistic(items_base=frozenset({'101.0', 'Reta', 'Condutor deixou de manter distância do veículo da frente'}), items_add=frozenset({'Colisão traseira'}), confidence=0.78125, lift=4.079592428932149)]"
53,"frozenset({'Acessar a via sem observar a presença dos outros veículos', 'Céu Claro', 'Colisão transversal', 'Reta'})",0.01984120794272255,"[OrderedStatistic(items_base=frozenset({'Acessar a via sem observar a presença dos outros veículos', 'Reta', 'Céu Claro'}), items_add=frozenset({'Colisão transversal'}), confidence=0.6077400860009555, lift=4.873246926008163)]"
54,"frozenset({'Atropelamento de Animal', 'Animais na Pista', 'Reta'})",0.011449250495250278,"[OrderedStatistic(items_base=frozenset({'Animais na Pista'}), items_add=frozenset({'Atropelamento de Animal', 'Reta'}), confidence=0.6071133167907362, lift=50.87768317142132), OrderedStatistic(items_base=frozenset({'Atropelamento de Animal'}), items_add=frozenset({'Animais na Pista', 'Reta'}), confidence=0.7520491803278689, lift=51.236047716938735), OrderedStatistic(items_base=frozenset({'Animais na Pista', 'Reta'}), items_add=frozenset({'Atropelamento de Animal'}), confidence=0.7800212539851222, lift=51.23604771693873), OrderedStatistic(items_base=frozenset({'Atropelamento de Animal', 'Reta'}), items_add=frozenset({'Animais na Pista'}), confidence=0.9594771241830066, lift=50.87768317142132)]"
55,"frozenset({'Sem Vítimas', 'Reta', 'Demais falhas mecânicas ou elétricas', 'Incêndio'})",0.011012494345567706,"[OrderedStatistic(items_base=frozenset({'Incêndio'}), items_add=frozenset({'Sem Vítimas', 'Reta', 'Demais falhas mecânicas ou elétricas'}), confidence=0.6029035012809565, lift=43.0897888111715), OrderedStatistic(items_base=frozenset({'Demais falhas mecânicas ou elétricas', 'Incêndio'}), items_add=frozenset({'Sem Vítimas', 'Reta'}), confidence=0.6962524654832348, lift=6.297411019986555), OrderedStatistic(items_base=frozenset({'Sem Vítimas', 'Demais falhas mecânicas ou elétricas'}), items_add=frozenset({'Reta', 'Incêndio'}), confidence=0.5443330763299923, lift=41.05488140051703), OrderedStatistic(items_base=frozenset({'Reta', 'Incêndio'}), items_add=frozenset({'Sem Vítimas', 'Demais falhas mecânicas ou elétricas'}), confidence=0.8305882352941177, lift=41.05488140051703), OrderedStatistic(items_base=frozenset({'Sem Vítimas', 'Incêndio'}), items_add=frozenset({'Reta', 'Demais falhas mecânicas ou elétricas'}), confidence=0.6281138790035588, lift=22.71164843149416), OrderedStatistic(items_base=frozenset({'Reta', 'Demais falhas mecânicas ou elétricas', 'Incêndio'}), items_add=frozenset({'Sem Vítimas'}), confidence=0.9605442176870749, lift=5.35613892769424), OrderedStatistic(items_base=frozenset({'Sem Vítimas', 'Reta', 'Demais falhas mecânicas ou elétricas'}), items_add=frozenset({'Incêndio'}), confidence=0.7870680044593088, lift=43.0897888111715), OrderedStatistic(items_base=frozenset({'Sem Vítimas', 'Reta', 'Incêndio'}), items_add=frozenset({'Demais falhas mecânicas ou elétricas'}), confidence=0.8641370869033048, lift=20.850193641055313)]"
56,"frozenset({'Acessar a via sem observar a presença dos outros veículos', 'Reta', 'Colisão transversal'})",0.029091079255642735,"[OrderedStatistic(items_base=frozenset({'Acessar a via sem observar a presença dos outros veículos', 'Reta'}), items_add=frozenset({'Colisão transversal'}), confidence=0.5987158908507223, lift=4.800885184058656)]"
57,"frozenset({'Céu Claro', 'Condutor deixou de manter distância do veículo da frente', 'Colisão traseira', 'Com Vítimas Feridas'})",0.03043254457252492,"[OrderedStatistic(items_base=frozenset({'Céu Claro', 'Condutor deixou de manter distância do veículo da frente'}), items_add=frozenset({'Colisão traseira', 'Com Vítimas Feridas'}), confidence=0.5973668095529701, lift=4.048693180424078), OrderedStatistic(items_base=frozenset({'Céu Claro', 'Condutor deixou de manter distância do veículo da frente', 'Com Vítimas Feridas'}), items_add=frozenset({'Colisão traseira'}), confidence=0.7515408320493067, lift=3.9244547692310014)]"
58,"frozenset({'Céu Claro', 'Colisão transversal', 'Interseção de vias'})",0.015894804161662168,"[OrderedStatistic(items_base=frozenset({'Céu Claro', 'Interseção de vias'}), items_add=frozenset({'Colisão transversal'}), confidence=0.5955581531268264, lift=4.775564432621352)]"
59,"frozenset({'Dupla', 'Condutor deixou de manter distância do veículo da frente', 'Colisão traseira', 'Com Vítimas Feridas'})",0.024333556910886147,"[OrderedStatistic(items_base=frozenset({'Dupla', 'Condutor deixou de manter distância do veículo da frente'}), items_add=frozenset({'Colisão traseira', 'Com Vítimas Feridas'}), confidence=0.5945121951219512, lift=4.029345841745762), OrderedStatistic(items_base=frozenset({'Dupla', 'Condutor deixou de manter distância do veículo da frente', 'Com Vítimas Feridas'}), items_add=frozenset({'Colisão traseira'}), confidence=0.7532592950265572, lift=3.9334283737767826)]"
60,"frozenset({'Manhã', 'Condutor deixou de manter distância do veículo da frente', 'Colisão traseira', 'Com Vítimas Feridas'})",0.017938199004819917,"[OrderedStatistic(items_base=frozenset({'Manhã', 'Condutor deixou de manter distância do veículo da frente'}), items_add=frozenset({'Colisão traseira', 'Com Vítimas Feridas'}), confidence=0.5921730175077241, lift=4.013491910286783), OrderedStatistic(items_base=frozenset({'Manhã', 'Condutor deixou de manter distância do veículo da frente', 'Com Vítimas Feridas'}), items_add=frozenset({'Colisão traseira'}), confidence=0.7419354838709679, lift=3.8742968099278228)]"
61,"frozenset({'Atropelamento de Animal', 'Animais na Pista', 'Com Vítimas Feridas'})",0.011152880250822818,"[OrderedStatistic(items_base=frozenset({'Animais na Pista'}), items_add=frozenset({'Atropelamento de Animal', 'Com Vítimas Feridas'}), confidence=0.5913978494623656, lift=50.6870651486401), OrderedStatistic(items_base=frozenset({'Atropelamento de Animal'}), items_add=frozenset({'Animais na Pista', 'Com Vítimas Feridas'}), confidence=0.7325819672131147, lift=49.48903828879407), OrderedStatistic(items_base=frozenset({'Animais na Pista', 'Com Vítimas Feridas'}), items_add=frozenset({'Atropelamento de Animal'}), confidence=0.7534246575342466, lift=49.48903828879407), OrderedStatistic(items_base=frozenset({'Atropelamento de Animal', 'Com Vítimas Feridas'}), items_add=frozenset({'Animais na Pista'}), confidence=0.9558823529411764, lift=50.6870651486401)]"
62,"frozenset({'Condutor deixou de manter distância do veículo da frente', 'Colisão traseira', 'Com Vítimas Feridas'})",0.04699808139262818,"[OrderedStatistic(items_base=frozenset({'Condutor deixou de manter distância do veículo da frente'}), items_add=frozenset({'Colisão traseira', 'Com Vítimas Feridas'}), confidence=0.5897435897435896, lift=3.997026302449708), OrderedStatistic(items_base=frozenset({'Condutor deixou de manter distância do veículo da frente', 'Com Vítimas Feridas'}), items_add=frozenset({'Colisão traseira'}), confidence=0.7506228201295466, lift=3.9196610226997723)]"
63,"frozenset({'Dupla', 'Reta', 'Colisão traseira', 'Condutor deixou de manter distância do veículo da frente'})",0.024052785100375923,"[OrderedStatistic(items_base=frozenset({'Dupla', 'Condutor deixou de manter distância do veículo da frente'}), items_add=frozenset({'Reta', 'Colisão traseira'}), confidence=0.5876524390243902, lift=4.224468514623753), OrderedStatistic(items_base=frozenset({'Dupla', 'Reta', 'Condutor deixou de manter distância do veículo da frente'}), items_add=frozenset({'Colisão traseira'}), confidence=0.7641228939544104, lift=3.9901567653761747)]"
64,"frozenset({'Céu Claro', 'Colisão traseira', 'Reta', 'Condutor deixou de manter distância do veículo da frente'})",0.02990219781933894,"[OrderedStatistic(items_base=frozenset({'Céu Claro', 'Condutor deixou de manter distância do veículo da frente'}), items_add=frozenset({'Reta', 'Colisão traseira'}), confidence=0.5869565217391305, lift=4.219465760503915), OrderedStatistic(items_base=frozenset({'Céu Claro', 'Condutor deixou de manter distância do veículo da frente', 'Reta'}), items_add=frozenset({'Colisão traseira'}), confidence=0.7646589549262066, lift=3.9929560105371165)]"
65,"frozenset({'Acessar a via sem observar a presença dos outros veículos', 'Noite', 'Colisão transversal'})",0.010809714704643654,"[OrderedStatistic(items_base=frozenset({'Acessar a via sem observar a presença dos outros veículos', 'Noite'}), items_add=frozenset({'Colisão transversal'}), confidence=0.5867908552074513, lift=4.705262656221951)]"
66,"frozenset({'Colisão transversal', 'Interseção de vias'})",0.02434915534480338,"[OrderedStatistic(items_base=frozenset({'Interseção de vias'}), items_add=frozenset({'Colisão transversal'}), confidence=0.5815946348733234, lift=4.6635960534201235)]"
67,"frozenset({'Condutor deixou de manter distância do veículo da frente', 'Colisão traseira', 'Tarde', 'Com Vítimas Feridas'})",0.019794412640970847,"[OrderedStatistic(items_base=frozenset({'Condutor deixou de manter distância do veículo da frente', 'Tarde'}), items_add=frozenset({'Colisão traseira', 'Com Vítimas Feridas'}), confidence=0.5770804911323328, lift=3.9112013115554207), OrderedStatistic(items_base=frozenset({'Condutor deixou de manter distância do veículo da frente', 'Tarde', 'Com Vítimas Feridas'}), items_add=frozenset({'Colisão traseira'}), confidence=0.7348002316155182, lift=3.8370373909456106)]"
68,"frozenset({'Condutor deixou de manter distância do veículo da frente', 'Colisão traseira', 'Reta', 'Com Vítimas Feridas'})",0.03592319331139154,"[OrderedStatistic(items_base=frozenset({'Condutor deixou de manter distância do veículo da frente', 'Com Vítimas Feridas'}), items_add=frozenset({'Reta', 'Colisão traseira'}), confidence=0.573741903338316, lift=4.124469576263299), OrderedStatistic(items_base=frozenset({'Reta', 'Condutor deixou de manter distância do veículo da frente'}), items_add=frozenset({'Colisão traseira', 'Com Vítimas Feridas'}), confidence=0.5978712357217031, lift=4.052111962245762), OrderedStatistic(items_base=frozenset({'Reta', 'Condutor deixou de manter distância do veículo da frente', 'Com Vítimas Feridas'}), items_add=frozenset({'Colisão traseira'}), confidence=0.7588138385502472, lift=3.96243352411972)]"
69,"frozenset({'Reta', 'Colisão traseira', 'Condutor deixou de manter distância do veículo da frente'})",0.04557862390615982,"[OrderedStatistic(items_base=frozenset({'Condutor deixou de manter distância do veículo da frente'}), items_add=frozenset({'Reta', 'Colisão traseira'}), confidence=0.5719318849089842, lift=4.111457861586686), OrderedStatistic(items_base=frozenset({'Reta', 'Condutor deixou de manter distância do veículo da frente'}), items_add=frozenset({'Colisão traseira'}), confidence=0.7585669781931464, lift=3.961144449375615)]"
70,"frozenset({'Simples', 'Condutor deixou de manter distância do veículo da frente', 'Colisão traseira', 'Com Vítimas Feridas'})",0.015910402595579402,"[OrderedStatistic(items_base=frozenset({'Simples', 'Condutor deixou de manter distância do veículo da frente'}), items_add=frozenset({'Colisão traseira', 'Com Vítimas Feridas'}), confidence=0.568561872909699, lift=3.8534658114354463), OrderedStatistic(items_base=frozenset({'Simples', 'Condutor deixou de manter distância do veículo da frente', 'Com Vítimas Feridas'}), items_add=frozenset({'Colisão traseira'}), confidence=0.7450693937180423, lift=3.890661705780726)]"
71,"frozenset({'Demais falhas mecânicas ou elétricas', 'Céu Claro', 'Incêndio'})",0.010372958554961082,"[OrderedStatistic(items_base=frozenset({'Incêndio'}), items_add=frozenset({'Céu Claro', 'Demais falhas mecânicas ou elétricas'}), confidence=0.5678906917164817, lift=20.95964557009322), OrderedStatistic(items_base=frozenset({'Céu Claro', 'Incêndio'}), items_add=frozenset({'Demais falhas mecânicas ou elétricas'}), confidence=0.8647594278283486, lift=20.865209694635904)]"
72,"frozenset({'Acessar a via sem observar a presença dos outros veículos', 'Colisão transversal', 'Tarde', 'Com Vítimas Feridas'})",0.020823909279508338,"[OrderedStatistic(items_base=frozenset({'Acessar a via sem observar a presença dos outros veículos', 'Tarde'}), items_add=frozenset({'Colisão transversal', 'Com Vítimas Feridas'}), confidence=0.5659177617634591, lift=5.402892299165093), OrderedStatistic(items_base=frozenset({'Acessar a via sem observar a presença dos outros veículos', 'Tarde', 'Com Vítimas Feridas'}), items_add=frozenset({'Colisão transversal'}), confidence=0.6661676646706587, lift=5.341756449577393)]"
73,"frozenset({'Simples', 'Com Vítimas Fatais', 'Reta', 'Colisão frontal'})",0.010840911572478124,"[OrderedStatistic(items_base=frozenset({'Com Vítimas Fatais', 'Colisão frontal'}), items_add=frozenset({'Simples', 'Reta'}), confidence=0.5650406504065041, lift=2.0322126820146185)]"
74,"frozenset({'Manhã', 'Reta', 'Colisão traseira', 'Condutor deixou de manter distância do veículo da frente'})",0.017111482007206476,"[OrderedStatistic(items_base=frozenset({'Manhã', 'Condutor deixou de manter distância do veículo da frente'}), items_add=frozenset({'Reta', 'Colisão traseira'}), confidence=0.5648815653964985, lift=4.060775092622126), OrderedStatistic(items_base=frozenset({'Manhã', 'Reta', 'Condutor deixou de manter distância do veículo da frente'}), items_add=frozenset({'Colisão traseira'}), confidence=0.7427217332430602, lift=3.878402508469443)]"
75,"frozenset({'Simples', 'Transitar na contramão', 'Colisão frontal'})",0.01562963078506918,"[OrderedStatistic(items_base=frozenset({'Transitar na contramão'}), items_add=frozenset({'Simples', 'Colisão frontal'}), confidence=0.5638716938660664, lift=9.372375012201102), OrderedStatistic(items_base=frozenset({'Simples', 'Transitar na contramão'}), items_add=frozenset({'Colisão frontal'}), confidence=0.6958333333333333, lift=10.280981600983328)]"
76,"frozenset({'Céu Claro', 'Colisão transversal', 'Desrespeitar a preferência no cruzamento'})",0.015161677767552138,"[OrderedStatistic(items_base=frozenset({'Desrespeitar a preferência no cruzamento'}), items_add=frozenset({'Colisão transversal', 'Céu Claro'}), confidence=0.5579793340987371, lift=6.860663047513605), OrderedStatistic(items_base=frozenset({'Céu Claro', 'Desrespeitar a preferência no cruzamento'}), items_add=frozenset({'Colisão transversal'}), confidence=0.8655387355298308, lift=6.940440624900804)]"
77,"frozenset({'Simples', 'Colisão transversal', 'Desrespeitar a preferência no cruzamento', 'Com Vítimas Feridas'})",0.015052488730131494,"[OrderedStatistic(items_base=frozenset({'Desrespeitar a preferência no cruzamento'}), items_add=frozenset({'Simples', 'Colisão transversal', 'Com Vítimas Feridas'}), confidence=0.5539609644087256, lift=7.691982557348708), OrderedStatistic(items_base=frozenset({'Desrespeitar a preferência no cruzamento', 'Com Vítimas Feridas'}), items_add=frozenset({'Simples', 'Colisão transversal'}), confidence=0.6382275132275133, lift=7.4623614162871865), OrderedStatistic(items_base=frozenset({'Simples', 'Desrespeitar a preferência no cruzamento'}), items_add=frozenset({'Colisão transversal', 'Com Vítimas Feridas'}), confidence=0.7744783306581059, lift=7.394047848125169), OrderedStatistic(items_base=frozenset({'Simples', 'Desrespeitar a preferência no cruzamento', 'Com Vítimas Feridas'}), items_add=frozenset({'Colisão transversal'}), confidence=0.8845096241979835, lift=7.092561288018577)]"
78,"frozenset({'Reta', 'Colisão traseira', 'Tarde', 'Condutor deixou de manter distância do veículo da frente'})",0.018998892511191877,"[OrderedStatistic(items_base=frozenset({'Condutor deixou de manter distância do veículo da frente', 'Tarde'}), items_add=frozenset({'Reta', 'Colisão traseira'}), confidence=0.5538881309686221, lift=3.9817463767960746), OrderedStatistic(items_base=frozenset({'Reta', 'Condutor deixou de manter distância do veículo da frente', 'Tarde'}), items_add=frozenset({'Colisão traseira'}), confidence=0.7476979742173113, lift=3.9043878332734065)]"
79,"frozenset({'Interseção de vias', 'Simples', 'Colisão transversal', 'Com Vítimas Feridas'})",0.014054188959428473,"[OrderedStatistic(items_base=frozenset({'Simples', 'Interseção de vias'}), items_add=frozenset({'Colisão transversal', 'Com Vítimas Feridas'}), confidence=0.5524218270999387, lift=5.2740448121444485), OrderedStatistic(items_base=frozenset({'Interseção de vias', 'Simples', 'Com Vítimas Feridas'}), items_add=frozenset({'Colisão transversal'}), confidence=0.6820590461771385, lift=5.4691836637110915)]"
80,"frozenset({'Céu Claro', 'Colisão transversal', 'Desrespeitar a preferência no cruzamento', 'Com Vítimas Feridas'})",0.013009093886973747,"[OrderedStatistic(items_base=frozenset({'Desrespeitar a preferência no cruzamento', 'Com Vítimas Feridas'}), items_add=frozenset({'Colisão transversal', 'Céu Claro'}), confidence=0.5515873015873016, lift=6.782069489347971), OrderedStatistic(items_base=frozenset({'Céu Claro', 'Desrespeitar a preferência no cruzamento'}), items_add=frozenset({'Colisão transversal', 'Com Vítimas Feridas'}), confidence=0.742653606411398, lift=7.090212964025065), OrderedStatistic(items_base=frozenset({'Céu Claro', 'Desrespeitar a preferência no cruzamento', 'Com Vítimas Feridas'}), items_add=frozenset({'Colisão transversal'}), confidence=0.8597938144329896, lift=6.894374190054351)]"
81,"frozenset({'Manhã', 'Acessar a via sem observar a presença dos outros veículos', 'Colisão transversal', 'Com Vítimas Feridas'})",0.013789015582835483,"[OrderedStatistic(items_base=frozenset({'Manhã', 'Acessar a via sem observar a presença dos outros veículos'}), items_add=frozenset({'Colisão transversal', 'Com Vítimas Feridas'}), confidence=0.5416666666666666, lift=5.171363862000496), OrderedStatistic(items_base=frozenset({'Manhã', 'Acessar a via sem observar a presença dos outros veículos', 'Com Vítimas Feridas'}), items_add=frozenset({'Colisão transversal'}), confidence=0.6278409090909091, lift=5.034428122690318)]"
82,"frozenset({'Acessar a via sem observar a presença dos outros veículos', 'Colisão transversal', 'Com Vítimas Feridas'})",0.04358202436475378,"[OrderedStatistic(items_base=frozenset({'Acessar a via sem observar a presença dos outros veículos'}), items_add=frozenset({'Colisão transversal', 'Com Vítimas Feridas'}), confidence=0.5402165506573859, lift=5.157519411183076), OrderedStatistic(items_base=frozenset({'Acessar a via sem observar a presença dos outros veículos', 'Com Vítimas Feridas'}), items_add=frozenset({'Colisão transversal'}), confidence=0.6412669267844848, lift=5.142086480203444)]"
83,"frozenset({'Acessar a via sem observar a presença dos outros veículos', 'Céu Claro', 'Colisão transversal', 'Com Vítimas Feridas'})",0.028872701180801447,"[OrderedStatistic(items_base=frozenset({'Acessar a via sem observar a presença dos outros veículos', 'Céu Claro'}), items_add=frozenset({'Colisão transversal', 'Com Vítimas Feridas'}), confidence=0.537144515380151, lift=5.128190280939106), OrderedStatistic(items_base=frozenset({'Acessar a via sem observar a presença dos outros veículos', 'Céu Claro', 'Com Vítimas Feridas'}), items_add=frozenset({'Colisão transversal'}), confidence=0.6378359751895244, lift=5.114574926006907)]"
84,"frozenset({'Simples', 'Reta', 'Colisão traseira', 'Condutor deixou de manter distância do veículo da frente'})",0.014990094994462556,"[OrderedStatistic(items_base=frozenset({'Simples', 'Condutor deixou de manter distância do veículo da frente'}), items_add=frozenset({'Reta', 'Colisão traseira'}), confidence=0.5356744704570792, lift=3.8508134813335824), OrderedStatistic(items_base=frozenset({'Simples', 'Reta', 'Condutor deixou de manter distância do veículo da frente'}), items_add=frozenset({'Colisão traseira'}), confidence=0.7531347962382445, lift=3.9327782562545917)]"
85,"frozenset({'Simples', 'Sem Vítimas', 'Demais falhas mecânicas ou elétricas'})",0.010138982046202562,"[OrderedStatistic(items_base=frozenset({'Simples', 'Demais falhas mecânicas ou elétricas'}), items_add=frozenset({'Sem Vítimas'}), confidence=0.5336617405582923, lift=2.9757780747544196)]"
86,"frozenset({'Manobra de mudança de faixa', 'Dupla', 'Reta', 'Colisão lateral mesmo sentido'})",0.012229172191112012,"[OrderedStatistic(items_base=frozenset({'Manobra de mudança de faixa', 'Dupla', 'Reta'}), items_add=frozenset({'Colisão lateral mesmo sentido'}), confidence=0.5258215962441314, lift=6.067296024768722)]"
87,"frozenset({'Pista Escorregadia', 'Chuva', 'Com Vítimas Feridas'})",0.010045391442699152,"[OrderedStatistic(items_base=frozenset({'Pista Escorregadia'}), items_add=frozenset({'Chuva', 'Com Vítimas Feridas'}), confidence=0.5206143896523848, lift=6.6340822711637335), OrderedStatistic(items_base=frozenset({'Pista Escorregadia', 'Com Vítimas Feridas'}), items_add=frozenset({'Chuva'}), confidence=0.6452905811623246, lift=6.064936793393267)]"
88,"frozenset({'Manobra de mudança de faixa', 'Dupla', 'Colisão lateral mesmo sentido', 'Com Vítimas Feridas'})",0.014194574864683587,"[OrderedStatistic(items_base=frozenset({'Manobra de mudança de faixa', 'Dupla', 'Com Vítimas Feridas'}), items_add=frozenset({'Colisão lateral mesmo sentido'}), confidence=0.5188141391106044, lift=5.986439100835446)]"
89,"frozenset({'Manobra de mudança de faixa', 'Dupla', 'Céu Claro', 'Colisão lateral mesmo sentido'})",0.010684927233305776,"[OrderedStatistic(items_base=frozenset({'Manobra de mudança de faixa', 'Dupla', 'Céu Claro'}), items_add=frozenset({'Colisão lateral mesmo sentido'}), confidence=0.5185465556396669, lift=5.983351536267712)]"
90,"frozenset({'Manobra de mudança de faixa', 'Dupla', 'Colisão lateral mesmo sentido'})",0.016612332121854964,"[OrderedStatistic(items_base=frozenset({'Manobra de mudança de faixa', 'Dupla'}), items_add=frozenset({'Colisão lateral mesmo sentido'}), confidence=0.5182481751824817, lift=5.979908614610101)]"
91,"frozenset({'Acessar a via sem observar a presença dos outros veículos', 'Reta', 'Colisão transversal', 'Com Vítimas Feridas'})",0.025051084871078943,"[OrderedStatistic(items_base=frozenset({'Acessar a via sem observar a presença dos outros veículos', 'Reta'}), items_add=frozenset({'Colisão transversal', 'Com Vítimas Feridas'}), confidence=0.5155698234349919, lift=4.92221382138405), OrderedStatistic(items_base=frozenset({'Acessar a via sem observar a presença dos outros veículos', 'Reta', 'Com Vítimas Feridas'}), items_add=frozenset({'Colisão transversal'}), confidence=0.6092564491654021, lift=4.885406091250127)]"
92,"frozenset({'Sem Vítimas', 'Reta', 'Demais falhas mecânicas ou elétricas'})",0.013991795223759535,"[OrderedStatistic(items_base=frozenset({'Reta', 'Demais falhas mecânicas ou elétricas'}), items_add=frozenset({'Sem Vítimas'}), confidence=0.505922165820643, lift=2.821098036757032)]"
93,"frozenset({'Interseção de vias', 'Céu Claro', 'Colisão transversal', 'Com Vítimas Feridas'})",0.013492645338408023,"[OrderedStatistic(items_base=frozenset({'Céu Claro', 'Interseção de vias'}), items_add=frozenset({'Colisão transversal', 'Com Vítimas Feridas'}), confidence=0.5055523085914669, lift=4.826575272001541), OrderedStatistic(items_base=frozenset({'Interseção de vias', 'Céu Claro', 'Com Vítimas Feridas'}), items_add=frozenset({'Colisão transversal'}), confidence=0.6227501799856011, lift=4.993607415721939)]"
94,"frozenset({'Simples', 'Céu Claro', 'Colisão traseira', 'Condutor deixou de manter distância do veículo da frente'})",0.014132181129014647,"[OrderedStatistic(items_base=frozenset({'Simples', 'Condutor deixou de manter distância do veículo da frente'}), items_add=frozenset({'Céu Claro', 'Colisão traseira'}), confidence=0.5050167224080268, lift=4.178641850394449), OrderedStatistic(items_base=frozenset({'Simples', 'Céu Claro', 'Condutor deixou de manter distância do veículo da frente'}), items_add=frozenset({'Colisão traseira'}), confidence=0.7543713572023314, lift=3.939235427130754)]"
